location,origin_date,target_date,output_type_id,value,output_type,target
Cal_S,2025-05-31,2025-06-30,0.01,0,quantile,WNV cases
Cal_S,2025-05-31,2025-06-30,0.05,0,quantile,WNV cases
Cal_S,2025-05-31,2025-06-30,0.1,0,quantile,WNV cases
Cal_S,2025-05-31,2025-06-30,0.15,0,quantile,WNV cases
Cal_S,2025-05-31,2025-06-30,0.2,0,quantile,WNV cases
Cal_S,2025-05-31,2025-06-30,0.25,0,quantile,WNV cases
Cal_S,2025-05-31,2025-06-30,0.3,0,quantile,WNV cases
Cal_S,2025-05-31,2025-06-30,0.35,0,quantile,WNV cases
Cal_S,2025-05-31,2025-06-30,0.4,0,quantile,WNV cases
Cal_S,2025-05-31,2025-06-30,0.45,0,quantile,WNV cases
Cal_S,2025-05-31,2025-06-30,0.5,0,quantile,WNV cases
Cal_S,2025-05-31,2025-06-30,0.55,0,quantile,WNV cases
Cal_S,2025-05-31,2025-06-30,0.6,0,quantile,WNV cases
Cal_S,2025-05-31,2025-06-30,0.65,0,quantile,WNV cases
Cal_S,2025-05-31,2025-06-30,0.7,1,quantile,WNV cases
Cal_S,2025-05-31,2025-06-30,0.75,1,quantile,WNV cases
Cal_S,2025-05-31,2025-06-30,0.8,2,quantile,WNV cases
Cal_S,2025-05-31,2025-06-30,0.85,2,quantile,WNV cases
Cal_S,2025-05-31,2025-06-30,0.9,3,quantile,WNV cases
Cal_S,2025-05-31,2025-06-30,0.95,5,quantile,WNV cases
Cal_S,2025-05-31,2025-06-30,0.99,11,quantile,WNV cases
Cal_S,2025-05-31,2025-06-30,0,0.656804431476219,cdf,No WNV activity
Cal_S,2025-05-31,2025-07-31,0.01,0,quantile,WNV cases
Cal_S,2025-05-31,2025-07-31,0.05,0,quantile,WNV cases
Cal_S,2025-05-31,2025-07-31,0.1,0,quantile,WNV cases
Cal_S,2025-05-31,2025-07-31,0.15,0,quantile,WNV cases
Cal_S,2025-05-31,2025-07-31,0.2,0,quantile,WNV cases
Cal_S,2025-05-31,2025-07-31,0.25,0,quantile,WNV cases
Cal_S,2025-05-31,2025-07-31,0.3,1,quantile,WNV cases
Cal_S,2025-05-31,2025-07-31,0.35,1,quantile,WNV cases
Cal_S,2025-05-31,2025-07-31,0.4,2,quantile,WNV cases
Cal_S,2025-05-31,2025-07-31,0.45,2,quantile,WNV cases
Cal_S,2025-05-31,2025-07-31,0.5,3,quantile,WNV cases
Cal_S,2025-05-31,2025-07-31,0.55,4,quantile,WNV cases
Cal_S,2025-05-31,2025-07-31,0.6,5,quantile,WNV cases
Cal_S,2025-05-31,2025-07-31,0.65,6,quantile,WNV cases
Cal_S,2025-05-31,2025-07-31,0.7,8,quantile,WNV cases
Cal_S,2025-05-31,2025-07-31,0.75,10,quantile,WNV cases
Cal_S,2025-05-31,2025-07-31,0.8,12,quantile,WNV cases
Cal_S,2025-05-31,2025-07-31,0.85,16,quantile,WNV cases
Cal_S,2025-05-31,2025-07-31,0.9,21,quantile,WNV cases
Cal_S,2025-05-31,2025-07-31,0.95,30,quantile,WNV cases
Cal_S,2025-05-31,2025-07-31,0.99,53,quantile,WNV cases
Cal_S,2025-05-31,2025-07-31,0,0.271599102431528,cdf,No WNV activity
Cal_S,2025-05-31,2025-08-31,0.01,0,quantile,WNV cases
Cal_S,2025-05-31,2025-08-31,0.05,0,quantile,WNV cases
Cal_S,2025-05-31,2025-08-31,0.1,1,quantile,WNV cases
Cal_S,2025-05-31,2025-08-31,0.15,2,quantile,WNV cases
Cal_S,2025-05-31,2025-08-31,0.2,3,quantile,WNV cases
Cal_S,2025-05-31,2025-08-31,0.25,4,quantile,WNV cases
Cal_S,2025-05-31,2025-08-31,0.3,5,quantile,WNV cases
Cal_S,2025-05-31,2025-08-31,0.35,6,quantile,WNV cases
Cal_S,2025-05-31,2025-08-31,0.4,8,quantile,WNV cases
Cal_S,2025-05-31,2025-08-31,0.45,9,quantile,WNV cases
Cal_S,2025-05-31,2025-08-31,0.5,11,quantile,WNV cases
Cal_S,2025-05-31,2025-08-31,0.55,13,quantile,WNV cases
Cal_S,2025-05-31,2025-08-31,0.6,15,quantile,WNV cases
Cal_S,2025-05-31,2025-08-31,0.65,17,quantile,WNV cases
Cal_S,2025-05-31,2025-08-31,0.7,20,quantile,WNV cases
Cal_S,2025-05-31,2025-08-31,0.75,23,quantile,WNV cases
Cal_S,2025-05-31,2025-08-31,0.8,28,quantile,WNV cases
Cal_S,2025-05-31,2025-08-31,0.85,33,quantile,WNV cases
Cal_S,2025-05-31,2025-08-31,0.9,41,quantile,WNV cases
Cal_S,2025-05-31,2025-08-31,0.95,54,quantile,WNV cases
Cal_S,2025-05-31,2025-08-31,0.99,85,quantile,WNV cases
Cal_S,2025-05-31,2025-08-31,0,0.0735014738919441,cdf,No WNV activity
Cal_S,2025-05-31,2025-09-30,0.01,0,quantile,WNV cases
Cal_S,2025-05-31,2025-09-30,0.05,0,quantile,WNV cases
Cal_S,2025-05-31,2025-09-30,0.1,0,quantile,WNV cases
Cal_S,2025-05-31,2025-09-30,0.15,1,quantile,WNV cases
Cal_S,2025-05-31,2025-09-30,0.2,1,quantile,WNV cases
Cal_S,2025-05-31,2025-09-30,0.25,2,quantile,WNV cases
Cal_S,2025-05-31,2025-09-30,0.3,2,quantile,WNV cases
Cal_S,2025-05-31,2025-09-30,0.35,3,quantile,WNV cases
Cal_S,2025-05-31,2025-09-30,0.4,4,quantile,WNV cases
Cal_S,2025-05-31,2025-09-30,0.45,5,quantile,WNV cases
Cal_S,2025-05-31,2025-09-30,0.5,6,quantile,WNV cases
Cal_S,2025-05-31,2025-09-30,0.55,8,quantile,WNV cases
Cal_S,2025-05-31,2025-09-30,0.6,9,quantile,WNV cases
Cal_S,2025-05-31,2025-09-30,0.65,11,quantile,WNV cases
Cal_S,2025-05-31,2025-09-30,0.7,13,quantile,WNV cases
Cal_S,2025-05-31,2025-09-30,0.75,15,quantile,WNV cases
Cal_S,2025-05-31,2025-09-30,0.8,19,quantile,WNV cases
Cal_S,2025-05-31,2025-09-30,0.85,23,quantile,WNV cases
Cal_S,2025-05-31,2025-09-30,0.9,29,quantile,WNV cases
Cal_S,2025-05-31,2025-09-30,0.95,39,quantile,WNV cases
Cal_S,2025-05-31,2025-09-30,0.99,65,quantile,WNV cases
Cal_S,2025-05-31,2025-09-30,0,0.143940082146694,cdf,No WNV activity
Cal_S,2025-05-31,2025-10-31,0.01,0,quantile,WNV cases
Cal_S,2025-05-31,2025-10-31,0.05,0,quantile,WNV cases
Cal_S,2025-05-31,2025-10-31,0.1,0,quantile,WNV cases
Cal_S,2025-05-31,2025-10-31,0.15,0,quantile,WNV cases
Cal_S,2025-05-31,2025-10-31,0.2,0,quantile,WNV cases
Cal_S,2025-05-31,2025-10-31,0.25,0,quantile,WNV cases
Cal_S,2025-05-31,2025-10-31,0.3,0,quantile,WNV cases
Cal_S,2025-05-31,2025-10-31,0.35,0,quantile,WNV cases
Cal_S,2025-05-31,2025-10-31,0.4,1,quantile,WNV cases
Cal_S,2025-05-31,2025-10-31,0.45,1,quantile,WNV cases
Cal_S,2025-05-31,2025-10-31,0.5,1,quantile,WNV cases
Cal_S,2025-05-31,2025-10-31,0.55,1,quantile,WNV cases
Cal_S,2025-05-31,2025-10-31,0.6,2,quantile,WNV cases
Cal_S,2025-05-31,2025-10-31,0.65,2,quantile,WNV cases
Cal_S,2025-05-31,2025-10-31,0.7,3,quantile,WNV cases
Cal_S,2025-05-31,2025-10-31,0.75,4,quantile,WNV cases
Cal_S,2025-05-31,2025-10-31,0.8,5,quantile,WNV cases
Cal_S,2025-05-31,2025-10-31,0.85,6,quantile,WNV cases
Cal_S,2025-05-31,2025-10-31,0.9,8,quantile,WNV cases
Cal_S,2025-05-31,2025-10-31,0.95,12,quantile,WNV cases
Cal_S,2025-05-31,2025-10-31,0.99,20,quantile,WNV cases
Cal_S,2025-05-31,2025-10-31,0,0.386944271037447,cdf,No WNV activity
Cal_S,2025-05-31,2025-11-30,0.01,0,quantile,WNV cases
Cal_S,2025-05-31,2025-11-30,0.05,0,quantile,WNV cases
Cal_S,2025-05-31,2025-11-30,0.1,0,quantile,WNV cases
Cal_S,2025-05-31,2025-11-30,0.15,0,quantile,WNV cases
Cal_S,2025-05-31,2025-11-30,0.2,0,quantile,WNV cases
Cal_S,2025-05-31,2025-11-30,0.25,0,quantile,WNV cases
Cal_S,2025-05-31,2025-11-30,0.3,0,quantile,WNV cases
Cal_S,2025-05-31,2025-11-30,0.35,0,quantile,WNV cases
Cal_S,2025-05-31,2025-11-30,0.4,0,quantile,WNV cases
Cal_S,2025-05-31,2025-11-30,0.45,0,quantile,WNV cases
Cal_S,2025-05-31,2025-11-30,0.5,0,quantile,WNV cases
Cal_S,2025-05-31,2025-11-30,0.55,0,quantile,WNV cases
Cal_S,2025-05-31,2025-11-30,0.6,0,quantile,WNV cases
Cal_S,2025-05-31,2025-11-30,0.65,1,quantile,WNV cases
Cal_S,2025-05-31,2025-11-30,0.7,1,quantile,WNV cases
Cal_S,2025-05-31,2025-11-30,0.75,1,quantile,WNV cases
Cal_S,2025-05-31,2025-11-30,0.8,1,quantile,WNV cases
Cal_S,2025-05-31,2025-11-30,0.85,2,quantile,WNV cases
Cal_S,2025-05-31,2025-11-30,0.9,2,quantile,WNV cases
Cal_S,2025-05-31,2025-11-30,0.95,3,quantile,WNV cases
Cal_S,2025-05-31,2025-11-30,0.99,5,quantile,WNV cases
Cal_S,2025-05-31,2025-11-30,0,0.616814139475358,cdf,No WNV activity
Cal_S,2025-05-31,2025-12-31,0.01,0,quantile,WNV cases
Cal_S,2025-05-31,2025-12-31,0.05,0,quantile,WNV cases
Cal_S,2025-05-31,2025-12-31,0.1,0,quantile,WNV cases
Cal_S,2025-05-31,2025-12-31,0.15,0,quantile,WNV cases
Cal_S,2025-05-31,2025-12-31,0.2,0,quantile,WNV cases
Cal_S,2025-05-31,2025-12-31,0.25,0,quantile,WNV cases
Cal_S,2025-05-31,2025-12-31,0.3,0,quantile,WNV cases
Cal_S,2025-05-31,2025-12-31,0.35,0,quantile,WNV cases
Cal_S,2025-05-31,2025-12-31,0.4,0,quantile,WNV cases
Cal_S,2025-05-31,2025-12-31,0.45,0,quantile,WNV cases
Cal_S,2025-05-31,2025-12-31,0.5,0,quantile,WNV cases
Cal_S,2025-05-31,2025-12-31,0.55,0,quantile,WNV cases
Cal_S,2025-05-31,2025-12-31,0.6,0,quantile,WNV cases
Cal_S,2025-05-31,2025-12-31,0.65,0,quantile,WNV cases
Cal_S,2025-05-31,2025-12-31,0.7,0,quantile,WNV cases
Cal_S,2025-05-31,2025-12-31,0.75,0,quantile,WNV cases
Cal_S,2025-05-31,2025-12-31,0.8,1,quantile,WNV cases
Cal_S,2025-05-31,2025-12-31,0.85,1,quantile,WNV cases
Cal_S,2025-05-31,2025-12-31,0.9,1,quantile,WNV cases
Cal_S,2025-05-31,2025-12-31,0.95,2,quantile,WNV cases
Cal_S,2025-05-31,2025-12-31,0.99,3,quantile,WNV cases
Cal_S,2025-05-31,2025-12-31,0,0.753247858829281,cdf,No WNV activity
LAO_G,2025-05-31,2025-06-30,0.01,0,quantile,WNV cases
LAO_G,2025-05-31,2025-06-30,0.05,0,quantile,WNV cases
LAO_G,2025-05-31,2025-06-30,0.1,0,quantile,WNV cases
LAO_G,2025-05-31,2025-06-30,0.15,0,quantile,WNV cases
LAO_G,2025-05-31,2025-06-30,0.2,0,quantile,WNV cases
LAO_G,2025-05-31,2025-06-30,0.25,0,quantile,WNV cases
LAO_G,2025-05-31,2025-06-30,0.3,0,quantile,WNV cases
LAO_G,2025-05-31,2025-06-30,0.35,0,quantile,WNV cases
LAO_G,2025-05-31,2025-06-30,0.4,0,quantile,WNV cases
LAO_G,2025-05-31,2025-06-30,0.45,0,quantile,WNV cases
LAO_G,2025-05-31,2025-06-30,0.5,0,quantile,WNV cases
LAO_G,2025-05-31,2025-06-30,0.55,1,quantile,WNV cases
LAO_G,2025-05-31,2025-06-30,0.6,1,quantile,WNV cases
LAO_G,2025-05-31,2025-06-30,0.65,1,quantile,WNV cases
LAO_G,2025-05-31,2025-06-30,0.7,1,quantile,WNV cases
LAO_G,2025-05-31,2025-06-30,0.75,1,quantile,WNV cases
LAO_G,2025-05-31,2025-06-30,0.8,2,quantile,WNV cases
LAO_G,2025-05-31,2025-06-30,0.85,2,quantile,WNV cases
LAO_G,2025-05-31,2025-06-30,0.9,3,quantile,WNV cases
LAO_G,2025-05-31,2025-06-30,0.95,4,quantile,WNV cases
LAO_G,2025-05-31,2025-06-30,0.99,7,quantile,WNV cases
LAO_G,2025-05-31,2025-06-30,0,0.542983751394146,cdf,No WNV activity
LAO_G,2025-05-31,2025-07-31,0.01,0,quantile,WNV cases
LAO_G,2025-05-31,2025-07-31,0.05,0,quantile,WNV cases
LAO_G,2025-05-31,2025-07-31,0.1,0,quantile,WNV cases
LAO_G,2025-05-31,2025-07-31,0.15,1,quantile,WNV cases
LAO_G,2025-05-31,2025-07-31,0.2,1,quantile,WNV cases
LAO_G,2025-05-31,2025-07-31,0.25,2,quantile,WNV cases
LAO_G,2025-05-31,2025-07-31,0.3,3,quantile,WNV cases
LAO_G,2025-05-31,2025-07-31,0.35,4,quantile,WNV cases
LAO_G,2025-05-31,2025-07-31,0.4,5,quantile,WNV cases
LAO_G,2025-05-31,2025-07-31,0.45,7,quantile,WNV cases
LAO_G,2025-05-31,2025-07-31,0.5,8,quantile,WNV cases
LAO_G,2025-05-31,2025-07-31,0.55,10,quantile,WNV cases
LAO_G,2025-05-31,2025-07-31,0.6,12,quantile,WNV cases
LAO_G,2025-05-31,2025-07-31,0.65,15,quantile,WNV cases
LAO_G,2025-05-31,2025-07-31,0.7,18,quantile,WNV cases
LAO_G,2025-05-31,2025-07-31,0.75,21,quantile,WNV cases
LAO_G,2025-05-31,2025-07-31,0.8,25,quantile,WNV cases
LAO_G,2025-05-31,2025-07-31,0.85,31,quantile,WNV cases
LAO_G,2025-05-31,2025-07-31,0.9,40,quantile,WNV cases
LAO_G,2025-05-31,2025-07-31,0.95,55,quantile,WNV cases
LAO_G,2025-05-31,2025-07-31,0.99,91,quantile,WNV cases
LAO_G,2025-05-31,2025-07-31,0,0.127321495815236,cdf,No WNV activity
LAO_G,2025-05-31,2025-08-31,0.01,0,quantile,WNV cases
LAO_G,2025-05-31,2025-08-31,0.05,1,quantile,WNV cases
LAO_G,2025-05-31,2025-08-31,0.1,3,quantile,WNV cases
LAO_G,2025-05-31,2025-08-31,0.15,6,quantile,WNV cases
LAO_G,2025-05-31,2025-08-31,0.2,8,quantile,WNV cases
LAO_G,2025-05-31,2025-08-31,0.25,11,quantile,WNV cases
LAO_G,2025-05-31,2025-08-31,0.3,14,quantile,WNV cases
LAO_G,2025-05-31,2025-08-31,0.35,17,quantile,WNV cases
LAO_G,2025-05-31,2025-08-31,0.4,20,quantile,WNV cases
LAO_G,2025-05-31,2025-08-31,0.45,23,quantile,WNV cases
LAO_G,2025-05-31,2025-08-31,0.5,27,quantile,WNV cases
LAO_G,2025-05-31,2025-08-31,0.55,32,quantile,WNV cases
LAO_G,2025-05-31,2025-08-31,0.6,37,quantile,WNV cases
LAO_G,2025-05-31,2025-08-31,0.65,42,quantile,WNV cases
LAO_G,2025-05-31,2025-08-31,0.7,49,quantile,WNV cases
LAO_G,2025-05-31,2025-08-31,0.75,56,quantile,WNV cases
LAO_G,2025-05-31,2025-08-31,0.8,66,quantile,WNV cases
LAO_G,2025-05-31,2025-08-31,0.85,78,quantile,WNV cases
LAO_G,2025-05-31,2025-08-31,0.9,95,quantile,WNV cases
LAO_G,2025-05-31,2025-08-31,0.95,124,quantile,WNV cases
LAO_G,2025-05-31,2025-08-31,0.99,192,quantile,WNV cases
LAO_G,2025-05-31,2025-08-31,0,0.0272905796280714,cdf,No WNV activity
LAO_G,2025-05-31,2025-09-30,0.01,0,quantile,WNV cases
LAO_G,2025-05-31,2025-09-30,0.05,2,quantile,WNV cases
LAO_G,2025-05-31,2025-09-30,0.1,5,quantile,WNV cases
LAO_G,2025-05-31,2025-09-30,0.15,8,quantile,WNV cases
LAO_G,2025-05-31,2025-09-30,0.2,11,quantile,WNV cases
LAO_G,2025-05-31,2025-09-30,0.25,14,quantile,WNV cases
LAO_G,2025-05-31,2025-09-30,0.3,17,quantile,WNV cases
LAO_G,2025-05-31,2025-09-30,0.35,21,quantile,WNV cases
LAO_G,2025-05-31,2025-09-30,0.4,25,quantile,WNV cases
LAO_G,2025-05-31,2025-09-30,0.45,29,quantile,WNV cases
LAO_G,2025-05-31,2025-09-30,0.5,34,quantile,WNV cases
LAO_G,2025-05-31,2025-09-30,0.55,39,quantile,WNV cases
LAO_G,2025-05-31,2025-09-30,0.6,45,quantile,WNV cases
LAO_G,2025-05-31,2025-09-30,0.65,51,quantile,WNV cases
LAO_G,2025-05-31,2025-09-30,0.7,59,quantile,WNV cases
LAO_G,2025-05-31,2025-09-30,0.75,68,quantile,WNV cases
LAO_G,2025-05-31,2025-09-30,0.8,78,quantile,WNV cases
LAO_G,2025-05-31,2025-09-30,0.85,93,quantile,WNV cases
LAO_G,2025-05-31,2025-09-30,0.9,112,quantile,WNV cases
LAO_G,2025-05-31,2025-09-30,0.95,146,quantile,WNV cases
LAO_G,2025-05-31,2025-09-30,0.99,225,quantile,WNV cases
LAO_G,2025-05-31,2025-09-30,0,0.0198142904123944,cdf,No WNV activity
LAO_G,2025-05-31,2025-10-31,0.01,0,quantile,WNV cases
LAO_G,2025-05-31,2025-10-31,0.05,0,quantile,WNV cases
LAO_G,2025-05-31,2025-10-31,0.1,0,quantile,WNV cases
LAO_G,2025-05-31,2025-10-31,0.15,1,quantile,WNV cases
LAO_G,2025-05-31,2025-10-31,0.2,2,quantile,WNV cases
LAO_G,2025-05-31,2025-10-31,0.25,3,quantile,WNV cases
LAO_G,2025-05-31,2025-10-31,0.3,4,quantile,WNV cases
LAO_G,2025-05-31,2025-10-31,0.35,5,quantile,WNV cases
LAO_G,2025-05-31,2025-10-31,0.4,7,quantile,WNV cases
LAO_G,2025-05-31,2025-10-31,0.45,8,quantile,WNV cases
LAO_G,2025-05-31,2025-10-31,0.5,10,quantile,WNV cases
LAO_G,2025-05-31,2025-10-31,0.55,12,quantile,WNV cases
LAO_G,2025-05-31,2025-10-31,0.6,15,quantile,WNV cases
LAO_G,2025-05-31,2025-10-31,0.65,18,quantile,WNV cases
LAO_G,2025-05-31,2025-10-31,0.7,21,quantile,WNV cases
LAO_G,2025-05-31,2025-10-31,0.75,25,quantile,WNV cases
LAO_G,2025-05-31,2025-10-31,0.8,30,quantile,WNV cases
LAO_G,2025-05-31,2025-10-31,0.85,37,quantile,WNV cases
LAO_G,2025-05-31,2025-10-31,0.9,47,quantile,WNV cases
LAO_G,2025-05-31,2025-10-31,0.95,64,quantile,WNV cases
LAO_G,2025-05-31,2025-10-31,0.99,106,quantile,WNV cases
LAO_G,2025-05-31,2025-10-31,0,0.107318241330836,cdf,No WNV activity
LAO_G,2025-05-31,2025-11-30,0.01,0,quantile,WNV cases
LAO_G,2025-05-31,2025-11-30,0.05,0,quantile,WNV cases
LAO_G,2025-05-31,2025-11-30,0.1,0,quantile,WNV cases
LAO_G,2025-05-31,2025-11-30,0.15,0,quantile,WNV cases
LAO_G,2025-05-31,2025-11-30,0.2,0,quantile,WNV cases
LAO_G,2025-05-31,2025-11-30,0.25,0,quantile,WNV cases
LAO_G,2025-05-31,2025-11-30,0.3,0,quantile,WNV cases
LAO_G,2025-05-31,2025-11-30,0.35,0,quantile,WNV cases
LAO_G,2025-05-31,2025-11-30,0.4,0,quantile,WNV cases
LAO_G,2025-05-31,2025-11-30,0.45,0,quantile,WNV cases
LAO_G,2025-05-31,2025-11-30,0.5,0,quantile,WNV cases
LAO_G,2025-05-31,2025-11-30,0.55,0,quantile,WNV cases
LAO_G,2025-05-31,2025-11-30,0.6,1,quantile,WNV cases
LAO_G,2025-05-31,2025-11-30,0.65,1,quantile,WNV cases
LAO_G,2025-05-31,2025-11-30,0.7,2,quantile,WNV cases
LAO_G,2025-05-31,2025-11-30,0.75,3,quantile,WNV cases
LAO_G,2025-05-31,2025-11-30,0.8,4,quantile,WNV cases
LAO_G,2025-05-31,2025-11-30,0.85,7,quantile,WNV cases
LAO_G,2025-05-31,2025-11-30,0.9,10,quantile,WNV cases
LAO_G,2025-05-31,2025-11-30,0.95,17,quantile,WNV cases
LAO_G,2025-05-31,2025-11-30,0.99,36,quantile,WNV cases
LAO_G,2025-05-31,2025-11-30,0,0.55417331702236,cdf,No WNV activity
LAO_G,2025-05-31,2025-12-31,0.01,0,quantile,WNV cases
LAO_G,2025-05-31,2025-12-31,0.05,0,quantile,WNV cases
LAO_G,2025-05-31,2025-12-31,0.1,0,quantile,WNV cases
LAO_G,2025-05-31,2025-12-31,0.15,0,quantile,WNV cases
LAO_G,2025-05-31,2025-12-31,0.2,0,quantile,WNV cases
LAO_G,2025-05-31,2025-12-31,0.25,0,quantile,WNV cases
LAO_G,2025-05-31,2025-12-31,0.3,0,quantile,WNV cases
LAO_G,2025-05-31,2025-12-31,0.35,0,quantile,WNV cases
LAO_G,2025-05-31,2025-12-31,0.4,0,quantile,WNV cases
LAO_G,2025-05-31,2025-12-31,0.45,0,quantile,WNV cases
LAO_G,2025-05-31,2025-12-31,0.5,0,quantile,WNV cases
LAO_G,2025-05-31,2025-12-31,0.55,0,quantile,WNV cases
LAO_G,2025-05-31,2025-12-31,0.6,0,quantile,WNV cases
LAO_G,2025-05-31,2025-12-31,0.65,0,quantile,WNV cases
LAO_G,2025-05-31,2025-12-31,0.7,0,quantile,WNV cases
LAO_G,2025-05-31,2025-12-31,0.75,1,quantile,WNV cases
LAO_G,2025-05-31,2025-12-31,0.8,1,quantile,WNV cases
LAO_G,2025-05-31,2025-12-31,0.85,1,quantile,WNV cases
LAO_G,2025-05-31,2025-12-31,0.9,2,quantile,WNV cases
LAO_G,2025-05-31,2025-12-31,0.95,3,quantile,WNV cases
LAO_G,2025-05-31,2025-12-31,0.99,5,quantile,WNV cases
LAO_G,2025-05-31,2025-12-31,0,0.743466078185569,cdf,No WNV activity
ScV_N,2025-05-31,2025-06-30,0.01,0,quantile,WNV cases
ScV_N,2025-05-31,2025-06-30,0.05,0,quantile,WNV cases
ScV_N,2025-05-31,2025-06-30,0.1,0,quantile,WNV cases
ScV_N,2025-05-31,2025-06-30,0.15,0,quantile,WNV cases
ScV_N,2025-05-31,2025-06-30,0.2,0,quantile,WNV cases
ScV_N,2025-05-31,2025-06-30,0.25,0,quantile,WNV cases
ScV_N,2025-05-31,2025-06-30,0.3,0,quantile,WNV cases
ScV_N,2025-05-31,2025-06-30,0.35,0,quantile,WNV cases
ScV_N,2025-05-31,2025-06-30,0.4,0,quantile,WNV cases
ScV_N,2025-05-31,2025-06-30,0.45,0,quantile,WNV cases
ScV_N,2025-05-31,2025-06-30,0.5,0,quantile,WNV cases
ScV_N,2025-05-31,2025-06-30,0.55,0,quantile,WNV cases
ScV_N,2025-05-31,2025-06-30,0.6,1,quantile,WNV cases
ScV_N,2025-05-31,2025-06-30,0.65,1,quantile,WNV cases
ScV_N,2025-05-31,2025-06-30,0.7,1,quantile,WNV cases
ScV_N,2025-05-31,2025-06-30,0.75,1,quantile,WNV cases
ScV_N,2025-05-31,2025-06-30,0.8,2,quantile,WNV cases
ScV_N,2025-05-31,2025-06-30,0.85,2,quantile,WNV cases
ScV_N,2025-05-31,2025-06-30,0.9,3,quantile,WNV cases
ScV_N,2025-05-31,2025-06-30,0.95,4,quantile,WNV cases
ScV_N,2025-05-31,2025-06-30,0.99,6,quantile,WNV cases
ScV_N,2025-05-31,2025-06-30,0,0.575270437186163,cdf,No WNV activity
ScV_N,2025-05-31,2025-07-31,0.01,0,quantile,WNV cases
ScV_N,2025-05-31,2025-07-31,0.05,0,quantile,WNV cases
ScV_N,2025-05-31,2025-07-31,0.1,0,quantile,WNV cases
ScV_N,2025-05-31,2025-07-31,0.15,0,quantile,WNV cases
ScV_N,2025-05-31,2025-07-31,0.2,1,quantile,WNV cases
ScV_N,2025-05-31,2025-07-31,0.25,1,quantile,WNV cases
ScV_N,2025-05-31,2025-07-31,0.3,1,quantile,WNV cases
ScV_N,2025-05-31,2025-07-31,0.35,2,quantile,WNV cases
ScV_N,2025-05-31,2025-07-31,0.4,3,quantile,WNV cases
ScV_N,2025-05-31,2025-07-31,0.45,3,quantile,WNV cases
ScV_N,2025-05-31,2025-07-31,0.5,4,quantile,WNV cases
ScV_N,2025-05-31,2025-07-31,0.55,5,quantile,WNV cases
ScV_N,2025-05-31,2025-07-31,0.6,7,quantile,WNV cases
ScV_N,2025-05-31,2025-07-31,0.65,8,quantile,WNV cases
ScV_N,2025-05-31,2025-07-31,0.7,10,quantile,WNV cases
ScV_N,2025-05-31,2025-07-31,0.75,12,quantile,WNV cases
ScV_N,2025-05-31,2025-07-31,0.8,15,quantile,WNV cases
ScV_N,2025-05-31,2025-07-31,0.85,18,quantile,WNV cases
ScV_N,2025-05-31,2025-07-31,0.9,23,quantile,WNV cases
ScV_N,2025-05-31,2025-07-31,0.95,32,quantile,WNV cases
ScV_N,2025-05-31,2025-07-31,0.99,55,quantile,WNV cases
ScV_N,2025-05-31,2025-07-31,0,0.198867979893377,cdf,No WNV activity
ScV_N,2025-05-31,2025-08-31,0.01,0,quantile,WNV cases
ScV_N,2025-05-31,2025-08-31,0.05,1,quantile,WNV cases
ScV_N,2025-05-31,2025-08-31,0.1,2,quantile,WNV cases
ScV_N,2025-05-31,2025-08-31,0.15,3,quantile,WNV cases
ScV_N,2025-05-31,2025-08-31,0.2,4,quantile,WNV cases
ScV_N,2025-05-31,2025-08-31,0.25,5,quantile,WNV cases
ScV_N,2025-05-31,2025-08-31,0.3,6,quantile,WNV cases
ScV_N,2025-05-31,2025-08-31,0.35,7,quantile,WNV cases
ScV_N,2025-05-31,2025-08-31,0.4,8,quantile,WNV cases
ScV_N,2025-05-31,2025-08-31,0.45,9,quantile,WNV cases
ScV_N,2025-05-31,2025-08-31,0.5,11,quantile,WNV cases
ScV_N,2025-05-31,2025-08-31,0.55,12,quantile,WNV cases
ScV_N,2025-05-31,2025-08-31,0.6,14,quantile,WNV cases
ScV_N,2025-05-31,2025-08-31,0.65,15,quantile,WNV cases
ScV_N,2025-05-31,2025-08-31,0.7,17,quantile,WNV cases
ScV_N,2025-05-31,2025-08-31,0.75,20,quantile,WNV cases
ScV_N,2025-05-31,2025-08-31,0.8,23,quantile,WNV cases
ScV_N,2025-05-31,2025-08-31,0.85,26,quantile,WNV cases
ScV_N,2025-05-31,2025-08-31,0.9,31,quantile,WNV cases
ScV_N,2025-05-31,2025-08-31,0.95,39,quantile,WNV cases
ScV_N,2025-05-31,2025-08-31,0.99,59,quantile,WNV cases
ScV_N,2025-05-31,2025-08-31,0,0.0381191213810414,cdf,No WNV activity
ScV_N,2025-05-31,2025-09-30,0.01,0,quantile,WNV cases
ScV_N,2025-05-31,2025-09-30,0.05,0,quantile,WNV cases
ScV_N,2025-05-31,2025-09-30,0.1,0,quantile,WNV cases
ScV_N,2025-05-31,2025-09-30,0.15,0,quantile,WNV cases
ScV_N,2025-05-31,2025-09-30,0.2,0,quantile,WNV cases
ScV_N,2025-05-31,2025-09-30,0.25,1,quantile,WNV cases
ScV_N,2025-05-31,2025-09-30,0.3,1,quantile,WNV cases
ScV_N,2025-05-31,2025-09-30,0.35,1,quantile,WNV cases
ScV_N,2025-05-31,2025-09-30,0.4,1,quantile,WNV cases
ScV_N,2025-05-31,2025-09-30,0.45,2,quantile,WNV cases
ScV_N,2025-05-31,2025-09-30,0.5,2,quantile,WNV cases
ScV_N,2025-05-31,2025-09-30,0.55,2,quantile,WNV cases
ScV_N,2025-05-31,2025-09-30,0.6,3,quantile,WNV cases
ScV_N,2025-05-31,2025-09-30,0.65,3,quantile,WNV cases
ScV_N,2025-05-31,2025-09-30,0.7,4,quantile,WNV cases
ScV_N,2025-05-31,2025-09-30,0.75,4,quantile,WNV cases
ScV_N,2025-05-31,2025-09-30,0.8,5,quantile,WNV cases
ScV_N,2025-05-31,2025-09-30,0.85,6,quantile,WNV cases
ScV_N,2025-05-31,2025-09-30,0.9,7,quantile,WNV cases
ScV_N,2025-05-31,2025-09-30,0.95,9,quantile,WNV cases
ScV_N,2025-05-31,2025-09-30,0.99,14,quantile,WNV cases
ScV_N,2025-05-31,2025-09-30,0,0.214722546570174,cdf,No WNV activity
ScV_N,2025-05-31,2025-10-31,0.01,0,quantile,WNV cases
ScV_N,2025-05-31,2025-10-31,0.05,0,quantile,WNV cases
ScV_N,2025-05-31,2025-10-31,0.1,0,quantile,WNV cases
ScV_N,2025-05-31,2025-10-31,0.15,0,quantile,WNV cases
ScV_N,2025-05-31,2025-10-31,0.2,0,quantile,WNV cases
ScV_N,2025-05-31,2025-10-31,0.25,0,quantile,WNV cases
ScV_N,2025-05-31,2025-10-31,0.3,0,quantile,WNV cases
ScV_N,2025-05-31,2025-10-31,0.35,0,quantile,WNV cases
ScV_N,2025-05-31,2025-10-31,0.4,0,quantile,WNV cases
ScV_N,2025-05-31,2025-10-31,0.45,0,quantile,WNV cases
ScV_N,2025-05-31,2025-10-31,0.5,0,quantile,WNV cases
ScV_N,2025-05-31,2025-10-31,0.55,0,quantile,WNV cases
ScV_N,2025-05-31,2025-10-31,0.6,0,quantile,WNV cases
ScV_N,2025-05-31,2025-10-31,0.65,0,quantile,WNV cases
ScV_N,2025-05-31,2025-10-31,0.7,0,quantile,WNV cases
ScV_N,2025-05-31,2025-10-31,0.75,0,quantile,WNV cases
ScV_N,2025-05-31,2025-10-31,0.8,1,quantile,WNV cases
ScV_N,2025-05-31,2025-10-31,0.85,1,quantile,WNV cases
ScV_N,2025-05-31,2025-10-31,0.9,1,quantile,WNV cases
ScV_N,2025-05-31,2025-10-31,0.95,1,quantile,WNV cases
ScV_N,2025-05-31,2025-10-31,0.99,2,quantile,WNV cases
ScV_N,2025-05-31,2025-10-31,0,0.779043128225257,cdf,No WNV activity
ScV_N,2025-05-31,2025-11-30,0.01,0,quantile,WNV cases
ScV_N,2025-05-31,2025-11-30,0.05,0,quantile,WNV cases
ScV_N,2025-05-31,2025-11-30,0.1,0,quantile,WNV cases
ScV_N,2025-05-31,2025-11-30,0.15,0,quantile,WNV cases
ScV_N,2025-05-31,2025-11-30,0.2,0,quantile,WNV cases
ScV_N,2025-05-31,2025-11-30,0.25,0,quantile,WNV cases
ScV_N,2025-05-31,2025-11-30,0.3,0,quantile,WNV cases
ScV_N,2025-05-31,2025-11-30,0.35,0,quantile,WNV cases
ScV_N,2025-05-31,2025-11-30,0.4,0,quantile,WNV cases
ScV_N,2025-05-31,2025-11-30,0.45,0,quantile,WNV cases
ScV_N,2025-05-31,2025-11-30,0.5,0,quantile,WNV cases
ScV_N,2025-05-31,2025-11-30,0.55,0,quantile,WNV cases
ScV_N,2025-05-31,2025-11-30,0.6,0,quantile,WNV cases
ScV_N,2025-05-31,2025-11-30,0.65,0,quantile,WNV cases
ScV_N,2025-05-31,2025-11-30,0.7,0,quantile,WNV cases
ScV_N,2025-05-31,2025-11-30,0.75,0,quantile,WNV cases
ScV_N,2025-05-31,2025-11-30,0.8,0,quantile,WNV cases
ScV_N,2025-05-31,2025-11-30,0.85,0,quantile,WNV cases
ScV_N,2025-05-31,2025-11-30,0.9,0,quantile,WNV cases
ScV_N,2025-05-31,2025-11-30,0.95,0,quantile,WNV cases
ScV_N,2025-05-31,2025-11-30,0.99,1,quantile,WNV cases
ScV_N,2025-05-31,2025-11-30,0,0.985113047743805,cdf,No WNV activity
ScV_N,2025-05-31,2025-12-31,0.01,0,quantile,WNV cases
ScV_N,2025-05-31,2025-12-31,0.05,0,quantile,WNV cases
ScV_N,2025-05-31,2025-12-31,0.1,0,quantile,WNV cases
ScV_N,2025-05-31,2025-12-31,0.15,0,quantile,WNV cases
ScV_N,2025-05-31,2025-12-31,0.2,0,quantile,WNV cases
ScV_N,2025-05-31,2025-12-31,0.25,0,quantile,WNV cases
ScV_N,2025-05-31,2025-12-31,0.3,0,quantile,WNV cases
ScV_N,2025-05-31,2025-12-31,0.35,0,quantile,WNV cases
ScV_N,2025-05-31,2025-12-31,0.4,0,quantile,WNV cases
ScV_N,2025-05-31,2025-12-31,0.45,0,quantile,WNV cases
ScV_N,2025-05-31,2025-12-31,0.5,0,quantile,WNV cases
ScV_N,2025-05-31,2025-12-31,0.55,0,quantile,WNV cases
ScV_N,2025-05-31,2025-12-31,0.6,0,quantile,WNV cases
ScV_N,2025-05-31,2025-12-31,0.65,0,quantile,WNV cases
ScV_N,2025-05-31,2025-12-31,0.7,0,quantile,WNV cases
ScV_N,2025-05-31,2025-12-31,0.75,0,quantile,WNV cases
ScV_N,2025-05-31,2025-12-31,0.8,0,quantile,WNV cases
ScV_N,2025-05-31,2025-12-31,0.85,0,quantile,WNV cases
ScV_N,2025-05-31,2025-12-31,0.9,1,quantile,WNV cases
ScV_N,2025-05-31,2025-12-31,0.95,1,quantile,WNV cases
ScV_N,2025-05-31,2025-12-31,0.99,3,quantile,WNV cases
ScV_N,2025-05-31,2025-12-31,0,0.89835385111416,cdf,No WNV activity
ScV_S,2025-05-31,2025-06-30,0.01,0,quantile,WNV cases
ScV_S,2025-05-31,2025-06-30,0.05,0,quantile,WNV cases
ScV_S,2025-05-31,2025-06-30,0.1,0,quantile,WNV cases
ScV_S,2025-05-31,2025-06-30,0.15,0,quantile,WNV cases
ScV_S,2025-05-31,2025-06-30,0.2,0,quantile,WNV cases
ScV_S,2025-05-31,2025-06-30,0.25,0,quantile,WNV cases
ScV_S,2025-05-31,2025-06-30,0.3,0,quantile,WNV cases
ScV_S,2025-05-31,2025-06-30,0.35,0,quantile,WNV cases
ScV_S,2025-05-31,2025-06-30,0.4,0,quantile,WNV cases
ScV_S,2025-05-31,2025-06-30,0.45,0,quantile,WNV cases
ScV_S,2025-05-31,2025-06-30,0.5,0,quantile,WNV cases
ScV_S,2025-05-31,2025-06-30,0.55,0,quantile,WNV cases
ScV_S,2025-05-31,2025-06-30,0.6,0,quantile,WNV cases
ScV_S,2025-05-31,2025-06-30,0.65,0,quantile,WNV cases
ScV_S,2025-05-31,2025-06-30,0.7,1,quantile,WNV cases
ScV_S,2025-05-31,2025-06-30,0.75,1,quantile,WNV cases
ScV_S,2025-05-31,2025-06-30,0.8,1,quantile,WNV cases
ScV_S,2025-05-31,2025-06-30,0.85,2,quantile,WNV cases
ScV_S,2025-05-31,2025-06-30,0.9,3,quantile,WNV cases
ScV_S,2025-05-31,2025-06-30,0.95,4,quantile,WNV cases
ScV_S,2025-05-31,2025-06-30,0.99,7,quantile,WNV cases
ScV_S,2025-05-31,2025-06-30,0,0.65352451866217,cdf,No WNV activity
ScV_S,2025-05-31,2025-07-31,0.01,0,quantile,WNV cases
ScV_S,2025-05-31,2025-07-31,0.05,0,quantile,WNV cases
ScV_S,2025-05-31,2025-07-31,0.1,0,quantile,WNV cases
ScV_S,2025-05-31,2025-07-31,0.15,0,quantile,WNV cases
ScV_S,2025-05-31,2025-07-31,0.2,1,quantile,WNV cases
ScV_S,2025-05-31,2025-07-31,0.25,1,quantile,WNV cases
ScV_S,2025-05-31,2025-07-31,0.3,2,quantile,WNV cases
ScV_S,2025-05-31,2025-07-31,0.35,2,quantile,WNV cases
ScV_S,2025-05-31,2025-07-31,0.4,3,quantile,WNV cases
ScV_S,2025-05-31,2025-07-31,0.45,4,quantile,WNV cases
ScV_S,2025-05-31,2025-07-31,0.5,4,quantile,WNV cases
ScV_S,2025-05-31,2025-07-31,0.55,5,quantile,WNV cases
ScV_S,2025-05-31,2025-07-31,0.6,6,quantile,WNV cases
ScV_S,2025-05-31,2025-07-31,0.65,7,quantile,WNV cases
ScV_S,2025-05-31,2025-07-31,0.7,9,quantile,WNV cases
ScV_S,2025-05-31,2025-07-31,0.75,10,quantile,WNV cases
ScV_S,2025-05-31,2025-07-31,0.8,12,quantile,WNV cases
ScV_S,2025-05-31,2025-07-31,0.85,15,quantile,WNV cases
ScV_S,2025-05-31,2025-07-31,0.9,19,quantile,WNV cases
ScV_S,2025-05-31,2025-07-31,0.95,25,quantile,WNV cases
ScV_S,2025-05-31,2025-07-31,0.99,41,quantile,WNV cases
ScV_S,2025-05-31,2025-07-31,0,0.166873095144243,cdf,No WNV activity
ScV_S,2025-05-31,2025-08-31,0.01,0,quantile,WNV cases
ScV_S,2025-05-31,2025-08-31,0.05,0,quantile,WNV cases
ScV_S,2025-05-31,2025-08-31,0.1,1,quantile,WNV cases
ScV_S,2025-05-31,2025-08-31,0.15,2,quantile,WNV cases
ScV_S,2025-05-31,2025-08-31,0.2,3,quantile,WNV cases
ScV_S,2025-05-31,2025-08-31,0.25,4,quantile,WNV cases
ScV_S,2025-05-31,2025-08-31,0.3,5,quantile,WNV cases
ScV_S,2025-05-31,2025-08-31,0.35,7,quantile,WNV cases
ScV_S,2025-05-31,2025-08-31,0.4,8,quantile,WNV cases
ScV_S,2025-05-31,2025-08-31,0.45,10,quantile,WNV cases
ScV_S,2025-05-31,2025-08-31,0.5,12,quantile,WNV cases
ScV_S,2025-05-31,2025-08-31,0.55,14,quantile,WNV cases
ScV_S,2025-05-31,2025-08-31,0.6,16,quantile,WNV cases
ScV_S,2025-05-31,2025-08-31,0.65,19,quantile,WNV cases
ScV_S,2025-05-31,2025-08-31,0.7,22,quantile,WNV cases
ScV_S,2025-05-31,2025-08-31,0.75,25,quantile,WNV cases
ScV_S,2025-05-31,2025-08-31,0.8,30,quantile,WNV cases
ScV_S,2025-05-31,2025-08-31,0.85,35,quantile,WNV cases
ScV_S,2025-05-31,2025-08-31,0.9,44,quantile,WNV cases
ScV_S,2025-05-31,2025-08-31,0.95,58,quantile,WNV cases
ScV_S,2025-05-31,2025-08-31,0.99,91,quantile,WNV cases
ScV_S,2025-05-31,2025-08-31,0,0.067897500584837,cdf,No WNV activity
ScV_S,2025-05-31,2025-09-30,0.01,0,quantile,WNV cases
ScV_S,2025-05-31,2025-09-30,0.05,0,quantile,WNV cases
ScV_S,2025-05-31,2025-09-30,0.1,0,quantile,WNV cases
ScV_S,2025-05-31,2025-09-30,0.15,1,quantile,WNV cases
ScV_S,2025-05-31,2025-09-30,0.2,1,quantile,WNV cases
ScV_S,2025-05-31,2025-09-30,0.25,2,quantile,WNV cases
ScV_S,2025-05-31,2025-09-30,0.3,2,quantile,WNV cases
ScV_S,2025-05-31,2025-09-30,0.35,3,quantile,WNV cases
ScV_S,2025-05-31,2025-09-30,0.4,3,quantile,WNV cases
ScV_S,2025-05-31,2025-09-30,0.45,4,quantile,WNV cases
ScV_S,2025-05-31,2025-09-30,0.5,5,quantile,WNV cases
ScV_S,2025-05-31,2025-09-30,0.55,5,quantile,WNV cases
ScV_S,2025-05-31,2025-09-30,0.6,6,quantile,WNV cases
ScV_S,2025-05-31,2025-09-30,0.65,7,quantile,WNV cases
ScV_S,2025-05-31,2025-09-30,0.7,8,quantile,WNV cases
ScV_S,2025-05-31,2025-09-30,0.75,9,quantile,WNV cases
ScV_S,2025-05-31,2025-09-30,0.8,11,quantile,WNV cases
ScV_S,2025-05-31,2025-09-30,0.85,13,quantile,WNV cases
ScV_S,2025-05-31,2025-09-30,0.9,15,quantile,WNV cases
ScV_S,2025-05-31,2025-09-30,0.95,20,quantile,WNV cases
ScV_S,2025-05-31,2025-09-30,0.99,30,quantile,WNV cases
ScV_S,2025-05-31,2025-09-30,0,0.105137260627273,cdf,No WNV activity
ScV_S,2025-05-31,2025-10-31,0.01,0,quantile,WNV cases
ScV_S,2025-05-31,2025-10-31,0.05,0,quantile,WNV cases
ScV_S,2025-05-31,2025-10-31,0.1,0,quantile,WNV cases
ScV_S,2025-05-31,2025-10-31,0.15,0,quantile,WNV cases
ScV_S,2025-05-31,2025-10-31,0.2,0,quantile,WNV cases
ScV_S,2025-05-31,2025-10-31,0.25,0,quantile,WNV cases
ScV_S,2025-05-31,2025-10-31,0.3,1,quantile,WNV cases
ScV_S,2025-05-31,2025-10-31,0.35,1,quantile,WNV cases
ScV_S,2025-05-31,2025-10-31,0.4,1,quantile,WNV cases
ScV_S,2025-05-31,2025-10-31,0.45,1,quantile,WNV cases
ScV_S,2025-05-31,2025-10-31,0.5,1,quantile,WNV cases
ScV_S,2025-05-31,2025-10-31,0.55,1,quantile,WNV cases
ScV_S,2025-05-31,2025-10-31,0.6,2,quantile,WNV cases
ScV_S,2025-05-31,2025-10-31,0.65,2,quantile,WNV cases
ScV_S,2025-05-31,2025-10-31,0.7,2,quantile,WNV cases
ScV_S,2025-05-31,2025-10-31,0.75,2,quantile,WNV cases
ScV_S,2025-05-31,2025-10-31,0.8,2,quantile,WNV cases
ScV_S,2025-05-31,2025-10-31,0.85,3,quantile,WNV cases
ScV_S,2025-05-31,2025-10-31,0.9,3,quantile,WNV cases
ScV_S,2025-05-31,2025-10-31,0.95,4,quantile,WNV cases
ScV_S,2025-05-31,2025-10-31,0.99,5,quantile,WNV cases
ScV_S,2025-05-31,2025-10-31,0,0.254655638079271,cdf,No WNV activity
ScV_S,2025-05-31,2025-11-30,0.01,0,quantile,WNV cases
ScV_S,2025-05-31,2025-11-30,0.05,0,quantile,WNV cases
ScV_S,2025-05-31,2025-11-30,0.1,0,quantile,WNV cases
ScV_S,2025-05-31,2025-11-30,0.15,0,quantile,WNV cases
ScV_S,2025-05-31,2025-11-30,0.2,0,quantile,WNV cases
ScV_S,2025-05-31,2025-11-30,0.25,0,quantile,WNV cases
ScV_S,2025-05-31,2025-11-30,0.3,0,quantile,WNV cases
ScV_S,2025-05-31,2025-11-30,0.35,0,quantile,WNV cases
ScV_S,2025-05-31,2025-11-30,0.4,0,quantile,WNV cases
ScV_S,2025-05-31,2025-11-30,0.45,0,quantile,WNV cases
ScV_S,2025-05-31,2025-11-30,0.5,0,quantile,WNV cases
ScV_S,2025-05-31,2025-11-30,0.55,0,quantile,WNV cases
ScV_S,2025-05-31,2025-11-30,0.6,0,quantile,WNV cases
ScV_S,2025-05-31,2025-11-30,0.65,0,quantile,WNV cases
ScV_S,2025-05-31,2025-11-30,0.7,0,quantile,WNV cases
ScV_S,2025-05-31,2025-11-30,0.75,0,quantile,WNV cases
ScV_S,2025-05-31,2025-11-30,0.8,0,quantile,WNV cases
ScV_S,2025-05-31,2025-11-30,0.85,0,quantile,WNV cases
ScV_S,2025-05-31,2025-11-30,0.9,1,quantile,WNV cases
ScV_S,2025-05-31,2025-11-30,0.95,1,quantile,WNV cases
ScV_S,2025-05-31,2025-11-30,0.99,3,quantile,WNV cases
ScV_S,2025-05-31,2025-11-30,0,0.898353851114152,cdf,No WNV activity
ScV_S,2025-05-31,2025-12-31,0.01,0,quantile,WNV cases
ScV_S,2025-05-31,2025-12-31,0.05,0,quantile,WNV cases
ScV_S,2025-05-31,2025-12-31,0.1,0,quantile,WNV cases
ScV_S,2025-05-31,2025-12-31,0.15,0,quantile,WNV cases
ScV_S,2025-05-31,2025-12-31,0.2,0,quantile,WNV cases
ScV_S,2025-05-31,2025-12-31,0.25,0,quantile,WNV cases
ScV_S,2025-05-31,2025-12-31,0.3,0,quantile,WNV cases
ScV_S,2025-05-31,2025-12-31,0.35,0,quantile,WNV cases
ScV_S,2025-05-31,2025-12-31,0.4,0,quantile,WNV cases
ScV_S,2025-05-31,2025-12-31,0.45,0,quantile,WNV cases
ScV_S,2025-05-31,2025-12-31,0.5,0,quantile,WNV cases
ScV_S,2025-05-31,2025-12-31,0.55,0,quantile,WNV cases
ScV_S,2025-05-31,2025-12-31,0.6,0,quantile,WNV cases
ScV_S,2025-05-31,2025-12-31,0.65,0,quantile,WNV cases
ScV_S,2025-05-31,2025-12-31,0.7,0,quantile,WNV cases
ScV_S,2025-05-31,2025-12-31,0.75,0,quantile,WNV cases
ScV_S,2025-05-31,2025-12-31,0.8,0,quantile,WNV cases
ScV_S,2025-05-31,2025-12-31,0.85,0,quantile,WNV cases
ScV_S,2025-05-31,2025-12-31,0.9,0,quantile,WNV cases
ScV_S,2025-05-31,2025-12-31,0.95,1,quantile,WNV cases
ScV_S,2025-05-31,2025-12-31,0.99,1,quantile,WNV cases
ScV_S,2025-05-31,2025-12-31,0,0.904882629354895,cdf,No WNV activity
SnJ_N,2025-05-31,2025-06-30,0.01,0,quantile,WNV cases
SnJ_N,2025-05-31,2025-06-30,0.05,0,quantile,WNV cases
SnJ_N,2025-05-31,2025-06-30,0.1,0,quantile,WNV cases
SnJ_N,2025-05-31,2025-06-30,0.15,0,quantile,WNV cases
SnJ_N,2025-05-31,2025-06-30,0.2,0,quantile,WNV cases
SnJ_N,2025-05-31,2025-06-30,0.25,0,quantile,WNV cases
SnJ_N,2025-05-31,2025-06-30,0.3,0,quantile,WNV cases
SnJ_N,2025-05-31,2025-06-30,0.35,0,quantile,WNV cases
SnJ_N,2025-05-31,2025-06-30,0.4,0,quantile,WNV cases
SnJ_N,2025-05-31,2025-06-30,0.45,0,quantile,WNV cases
SnJ_N,2025-05-31,2025-06-30,0.5,1,quantile,WNV cases
SnJ_N,2025-05-31,2025-06-30,0.55,1,quantile,WNV cases
SnJ_N,2025-05-31,2025-06-30,0.6,1,quantile,WNV cases
SnJ_N,2025-05-31,2025-06-30,0.65,1,quantile,WNV cases
SnJ_N,2025-05-31,2025-06-30,0.7,2,quantile,WNV cases
SnJ_N,2025-05-31,2025-06-30,0.75,2,quantile,WNV cases
SnJ_N,2025-05-31,2025-06-30,0.8,3,quantile,WNV cases
SnJ_N,2025-05-31,2025-06-30,0.85,3,quantile,WNV cases
SnJ_N,2025-05-31,2025-06-30,0.9,4,quantile,WNV cases
SnJ_N,2025-05-31,2025-06-30,0.95,6,quantile,WNV cases
SnJ_N,2025-05-31,2025-06-30,0.99,10,quantile,WNV cases
SnJ_N,2025-05-31,2025-06-30,0,0.491851712884496,cdf,No WNV activity
SnJ_N,2025-05-31,2025-07-31,0.01,0,quantile,WNV cases
SnJ_N,2025-05-31,2025-07-31,0.05,1,quantile,WNV cases
SnJ_N,2025-05-31,2025-07-31,0.1,2,quantile,WNV cases
SnJ_N,2025-05-31,2025-07-31,0.15,2,quantile,WNV cases
SnJ_N,2025-05-31,2025-07-31,0.2,3,quantile,WNV cases
SnJ_N,2025-05-31,2025-07-31,0.25,4,quantile,WNV cases
SnJ_N,2025-05-31,2025-07-31,0.3,4,quantile,WNV cases
SnJ_N,2025-05-31,2025-07-31,0.35,5,quantile,WNV cases
SnJ_N,2025-05-31,2025-07-31,0.4,5,quantile,WNV cases
SnJ_N,2025-05-31,2025-07-31,0.45,6,quantile,WNV cases
SnJ_N,2025-05-31,2025-07-31,0.5,6,quantile,WNV cases
SnJ_N,2025-05-31,2025-07-31,0.55,7,quantile,WNV cases
SnJ_N,2025-05-31,2025-07-31,0.6,8,quantile,WNV cases
SnJ_N,2025-05-31,2025-07-31,0.65,8,quantile,WNV cases
SnJ_N,2025-05-31,2025-07-31,0.7,9,quantile,WNV cases
SnJ_N,2025-05-31,2025-07-31,0.75,10,quantile,WNV cases
SnJ_N,2025-05-31,2025-07-31,0.8,11,quantile,WNV cases
SnJ_N,2025-05-31,2025-07-31,0.85,12,quantile,WNV cases
SnJ_N,2025-05-31,2025-07-31,0.9,14,quantile,WNV cases
SnJ_N,2025-05-31,2025-07-31,0.95,17,quantile,WNV cases
SnJ_N,2025-05-31,2025-07-31,0.99,24,quantile,WNV cases
SnJ_N,2025-05-31,2025-07-31,0,0.0275361230220335,cdf,No WNV activity
SnJ_N,2025-05-31,2025-08-31,0.01,1,quantile,WNV cases
SnJ_N,2025-05-31,2025-08-31,0.05,2,quantile,WNV cases
SnJ_N,2025-05-31,2025-08-31,0.1,4,quantile,WNV cases
SnJ_N,2025-05-31,2025-08-31,0.15,5,quantile,WNV cases
SnJ_N,2025-05-31,2025-08-31,0.2,6,quantile,WNV cases
SnJ_N,2025-05-31,2025-08-31,0.25,8,quantile,WNV cases
SnJ_N,2025-05-31,2025-08-31,0.3,9,quantile,WNV cases
SnJ_N,2025-05-31,2025-08-31,0.35,10,quantile,WNV cases
SnJ_N,2025-05-31,2025-08-31,0.4,11,quantile,WNV cases
SnJ_N,2025-05-31,2025-08-31,0.45,12,quantile,WNV cases
SnJ_N,2025-05-31,2025-08-31,0.5,14,quantile,WNV cases
SnJ_N,2025-05-31,2025-08-31,0.55,15,quantile,WNV cases
SnJ_N,2025-05-31,2025-08-31,0.6,16,quantile,WNV cases
SnJ_N,2025-05-31,2025-08-31,0.65,18,quantile,WNV cases
SnJ_N,2025-05-31,2025-08-31,0.7,20,quantile,WNV cases
SnJ_N,2025-05-31,2025-08-31,0.75,22,quantile,WNV cases
SnJ_N,2025-05-31,2025-08-31,0.8,24,quantile,WNV cases
SnJ_N,2025-05-31,2025-08-31,0.85,27,quantile,WNV cases
SnJ_N,2025-05-31,2025-08-31,0.9,32,quantile,WNV cases
SnJ_N,2025-05-31,2025-08-31,0.95,39,quantile,WNV cases
SnJ_N,2025-05-31,2025-08-31,0.99,54,quantile,WNV cases
SnJ_N,2025-05-31,2025-08-31,0,0.0093496450805066,cdf,No WNV activity
SnJ_N,2025-05-31,2025-09-30,0.01,0,quantile,WNV cases
SnJ_N,2025-05-31,2025-09-30,0.05,2,quantile,WNV cases
SnJ_N,2025-05-31,2025-09-30,0.1,3,quantile,WNV cases
SnJ_N,2025-05-31,2025-09-30,0.15,4,quantile,WNV cases
SnJ_N,2025-05-31,2025-09-30,0.2,5,quantile,WNV cases
SnJ_N,2025-05-31,2025-09-30,0.25,5,quantile,WNV cases
SnJ_N,2025-05-31,2025-09-30,0.3,6,quantile,WNV cases
SnJ_N,2025-05-31,2025-09-30,0.35,7,quantile,WNV cases
SnJ_N,2025-05-31,2025-09-30,0.4,8,quantile,WNV cases
SnJ_N,2025-05-31,2025-09-30,0.45,8,quantile,WNV cases
SnJ_N,2025-05-31,2025-09-30,0.5,9,quantile,WNV cases
SnJ_N,2025-05-31,2025-09-30,0.55,10,quantile,WNV cases
SnJ_N,2025-05-31,2025-09-30,0.6,11,quantile,WNV cases
SnJ_N,2025-05-31,2025-09-30,0.65,12,quantile,WNV cases
SnJ_N,2025-05-31,2025-09-30,0.7,13,quantile,WNV cases
SnJ_N,2025-05-31,2025-09-30,0.75,14,quantile,WNV cases
SnJ_N,2025-05-31,2025-09-30,0.8,15,quantile,WNV cases
SnJ_N,2025-05-31,2025-09-30,0.85,17,quantile,WNV cases
SnJ_N,2025-05-31,2025-09-30,0.9,19,quantile,WNV cases
SnJ_N,2025-05-31,2025-09-30,0.95,23,quantile,WNV cases
SnJ_N,2025-05-31,2025-09-30,0.99,31,quantile,WNV cases
SnJ_N,2025-05-31,2025-09-30,0,0.0109396853639851,cdf,No WNV activity
SnJ_N,2025-05-31,2025-10-31,0.01,0,quantile,WNV cases
SnJ_N,2025-05-31,2025-10-31,0.05,0,quantile,WNV cases
SnJ_N,2025-05-31,2025-10-31,0.1,0,quantile,WNV cases
SnJ_N,2025-05-31,2025-10-31,0.15,0,quantile,WNV cases
SnJ_N,2025-05-31,2025-10-31,0.2,0,quantile,WNV cases
SnJ_N,2025-05-31,2025-10-31,0.25,0,quantile,WNV cases
SnJ_N,2025-05-31,2025-10-31,0.3,0,quantile,WNV cases
SnJ_N,2025-05-31,2025-10-31,0.35,0,quantile,WNV cases
SnJ_N,2025-05-31,2025-10-31,0.4,1,quantile,WNV cases
SnJ_N,2025-05-31,2025-10-31,0.45,1,quantile,WNV cases
SnJ_N,2025-05-31,2025-10-31,0.5,1,quantile,WNV cases
SnJ_N,2025-05-31,2025-10-31,0.55,1,quantile,WNV cases
SnJ_N,2025-05-31,2025-10-31,0.6,2,quantile,WNV cases
SnJ_N,2025-05-31,2025-10-31,0.65,2,quantile,WNV cases
SnJ_N,2025-05-31,2025-10-31,0.7,2,quantile,WNV cases
SnJ_N,2025-05-31,2025-10-31,0.75,3,quantile,WNV cases
SnJ_N,2025-05-31,2025-10-31,0.8,3,quantile,WNV cases
SnJ_N,2025-05-31,2025-10-31,0.85,4,quantile,WNV cases
SnJ_N,2025-05-31,2025-10-31,0.9,5,quantile,WNV cases
SnJ_N,2025-05-31,2025-10-31,0.95,7,quantile,WNV cases
SnJ_N,2025-05-31,2025-10-31,0.99,11,quantile,WNV cases
SnJ_N,2025-05-31,2025-10-31,0,0.376477980809108,cdf,No WNV activity
SnJ_N,2025-05-31,2025-11-30,0.01,0,quantile,WNV cases
SnJ_N,2025-05-31,2025-11-30,0.05,0,quantile,WNV cases
SnJ_N,2025-05-31,2025-11-30,0.1,0,quantile,WNV cases
SnJ_N,2025-05-31,2025-11-30,0.15,0,quantile,WNV cases
SnJ_N,2025-05-31,2025-11-30,0.2,0,quantile,WNV cases
SnJ_N,2025-05-31,2025-11-30,0.25,0,quantile,WNV cases
SnJ_N,2025-05-31,2025-11-30,0.3,0,quantile,WNV cases
SnJ_N,2025-05-31,2025-11-30,0.35,0,quantile,WNV cases
SnJ_N,2025-05-31,2025-11-30,0.4,0,quantile,WNV cases
SnJ_N,2025-05-31,2025-11-30,0.45,0,quantile,WNV cases
SnJ_N,2025-05-31,2025-11-30,0.5,0,quantile,WNV cases
SnJ_N,2025-05-31,2025-11-30,0.55,0,quantile,WNV cases
SnJ_N,2025-05-31,2025-11-30,0.6,0,quantile,WNV cases
SnJ_N,2025-05-31,2025-11-30,0.65,0,quantile,WNV cases
SnJ_N,2025-05-31,2025-11-30,0.7,0,quantile,WNV cases
SnJ_N,2025-05-31,2025-11-30,0.75,1,quantile,WNV cases
SnJ_N,2025-05-31,2025-11-30,0.8,1,quantile,WNV cases
SnJ_N,2025-05-31,2025-11-30,0.85,1,quantile,WNV cases
SnJ_N,2025-05-31,2025-11-30,0.9,1,quantile,WNV cases
SnJ_N,2025-05-31,2025-11-30,0.95,1,quantile,WNV cases
SnJ_N,2025-05-31,2025-11-30,0.99,2,quantile,WNV cases
SnJ_N,2025-05-31,2025-11-30,0,0.746258701665999,cdf,No WNV activity
SnJ_N,2025-05-31,2025-12-31,0.01,0,quantile,WNV cases
SnJ_N,2025-05-31,2025-12-31,0.05,0,quantile,WNV cases
SnJ_N,2025-05-31,2025-12-31,0.1,0,quantile,WNV cases
SnJ_N,2025-05-31,2025-12-31,0.15,0,quantile,WNV cases
SnJ_N,2025-05-31,2025-12-31,0.2,0,quantile,WNV cases
SnJ_N,2025-05-31,2025-12-31,0.25,0,quantile,WNV cases
SnJ_N,2025-05-31,2025-12-31,0.3,0,quantile,WNV cases
SnJ_N,2025-05-31,2025-12-31,0.35,0,quantile,WNV cases
SnJ_N,2025-05-31,2025-12-31,0.4,0,quantile,WNV cases
SnJ_N,2025-05-31,2025-12-31,0.45,0,quantile,WNV cases
SnJ_N,2025-05-31,2025-12-31,0.5,0,quantile,WNV cases
SnJ_N,2025-05-31,2025-12-31,0.55,0,quantile,WNV cases
SnJ_N,2025-05-31,2025-12-31,0.6,0,quantile,WNV cases
SnJ_N,2025-05-31,2025-12-31,0.65,0,quantile,WNV cases
SnJ_N,2025-05-31,2025-12-31,0.7,0,quantile,WNV cases
SnJ_N,2025-05-31,2025-12-31,0.75,0,quantile,WNV cases
SnJ_N,2025-05-31,2025-12-31,0.8,0,quantile,WNV cases
SnJ_N,2025-05-31,2025-12-31,0.85,0,quantile,WNV cases
SnJ_N,2025-05-31,2025-12-31,0.9,0,quantile,WNV cases
SnJ_N,2025-05-31,2025-12-31,0.95,0,quantile,WNV cases
SnJ_N,2025-05-31,2025-12-31,0.99,1,quantile,WNV cases
SnJ_N,2025-05-31,2025-12-31,0,0.985113047743805,cdf,No WNV activity
SnJ_S,2025-05-31,2025-06-30,0.01,0,quantile,WNV cases
SnJ_S,2025-05-31,2025-06-30,0.05,0,quantile,WNV cases
SnJ_S,2025-05-31,2025-06-30,0.1,0,quantile,WNV cases
SnJ_S,2025-05-31,2025-06-30,0.15,0,quantile,WNV cases
SnJ_S,2025-05-31,2025-06-30,0.2,1,quantile,WNV cases
SnJ_S,2025-05-31,2025-06-30,0.25,1,quantile,WNV cases
SnJ_S,2025-05-31,2025-06-30,0.3,1,quantile,WNV cases
SnJ_S,2025-05-31,2025-06-30,0.35,2,quantile,WNV cases
SnJ_S,2025-05-31,2025-06-30,0.4,2,quantile,WNV cases
SnJ_S,2025-05-31,2025-06-30,0.45,3,quantile,WNV cases
SnJ_S,2025-05-31,2025-06-30,0.5,3,quantile,WNV cases
SnJ_S,2025-05-31,2025-06-30,0.55,4,quantile,WNV cases
SnJ_S,2025-05-31,2025-06-30,0.6,4,quantile,WNV cases
SnJ_S,2025-05-31,2025-06-30,0.65,5,quantile,WNV cases
SnJ_S,2025-05-31,2025-06-30,0.7,5,quantile,WNV cases
SnJ_S,2025-05-31,2025-06-30,0.75,6,quantile,WNV cases
SnJ_S,2025-05-31,2025-06-30,0.8,7,quantile,WNV cases
SnJ_S,2025-05-31,2025-06-30,0.85,9,quantile,WNV cases
SnJ_S,2025-05-31,2025-06-30,0.9,10,quantile,WNV cases
SnJ_S,2025-05-31,2025-06-30,0.95,14,quantile,WNV cases
SnJ_S,2025-05-31,2025-06-30,0.99,21,quantile,WNV cases
SnJ_S,2025-05-31,2025-06-30,0,0.162016237240169,cdf,No WNV activity
SnJ_S,2025-05-31,2025-07-31,0.01,0,quantile,WNV cases
SnJ_S,2025-05-31,2025-07-31,0.05,1,quantile,WNV cases
SnJ_S,2025-05-31,2025-07-31,0.1,3,quantile,WNV cases
SnJ_S,2025-05-31,2025-07-31,0.15,4,quantile,WNV cases
SnJ_S,2025-05-31,2025-07-31,0.2,5,quantile,WNV cases
SnJ_S,2025-05-31,2025-07-31,0.25,7,quantile,WNV cases
SnJ_S,2025-05-31,2025-07-31,0.3,8,quantile,WNV cases
SnJ_S,2025-05-31,2025-07-31,0.35,9,quantile,WNV cases
SnJ_S,2025-05-31,2025-07-31,0.4,11,quantile,WNV cases
SnJ_S,2025-05-31,2025-07-31,0.45,13,quantile,WNV cases
SnJ_S,2025-05-31,2025-07-31,0.5,14,quantile,WNV cases
SnJ_S,2025-05-31,2025-07-31,0.55,16,quantile,WNV cases
SnJ_S,2025-05-31,2025-07-31,0.6,18,quantile,WNV cases
SnJ_S,2025-05-31,2025-07-31,0.65,21,quantile,WNV cases
SnJ_S,2025-05-31,2025-07-31,0.7,23,quantile,WNV cases
SnJ_S,2025-05-31,2025-07-31,0.75,26,quantile,WNV cases
SnJ_S,2025-05-31,2025-07-31,0.8,30,quantile,WNV cases
SnJ_S,2025-05-31,2025-07-31,0.85,35,quantile,WNV cases
SnJ_S,2025-05-31,2025-07-31,0.9,41,quantile,WNV cases
SnJ_S,2025-05-31,2025-07-31,0.95,53,quantile,WNV cases
SnJ_S,2025-05-31,2025-07-31,0.99,78,quantile,WNV cases
SnJ_S,2025-05-31,2025-07-31,0,0.0269123785227379,cdf,No WNV activity
SnJ_S,2025-05-31,2025-08-31,0.01,1,quantile,WNV cases
SnJ_S,2025-05-31,2025-08-31,0.05,4,quantile,WNV cases
SnJ_S,2025-05-31,2025-08-31,0.1,6,quantile,WNV cases
SnJ_S,2025-05-31,2025-08-31,0.15,8,quantile,WNV cases
SnJ_S,2025-05-31,2025-08-31,0.2,10,quantile,WNV cases
SnJ_S,2025-05-31,2025-08-31,0.25,12,quantile,WNV cases
SnJ_S,2025-05-31,2025-08-31,0.3,13,quantile,WNV cases
SnJ_S,2025-05-31,2025-08-31,0.35,15,quantile,WNV cases
SnJ_S,2025-05-31,2025-08-31,0.4,17,quantile,WNV cases
SnJ_S,2025-05-31,2025-08-31,0.45,19,quantile,WNV cases
SnJ_S,2025-05-31,2025-08-31,0.5,20,quantile,WNV cases
SnJ_S,2025-05-31,2025-08-31,0.55,22,quantile,WNV cases
SnJ_S,2025-05-31,2025-08-31,0.6,25,quantile,WNV cases
SnJ_S,2025-05-31,2025-08-31,0.65,27,quantile,WNV cases
SnJ_S,2025-05-31,2025-08-31,0.7,29,quantile,WNV cases
SnJ_S,2025-05-31,2025-08-31,0.75,32,quantile,WNV cases
SnJ_S,2025-05-31,2025-08-31,0.8,36,quantile,WNV cases
SnJ_S,2025-05-31,2025-08-31,0.85,40,quantile,WNV cases
SnJ_S,2025-05-31,2025-08-31,0.9,46,quantile,WNV cases
SnJ_S,2025-05-31,2025-08-31,0.95,56,quantile,WNV cases
SnJ_S,2025-05-31,2025-08-31,0.99,77,quantile,WNV cases
SnJ_S,2025-05-31,2025-08-31,0,0.0036371838489267,cdf,No WNV activity
SnJ_S,2025-05-31,2025-09-30,0.01,3,quantile,WNV cases
SnJ_S,2025-05-31,2025-09-30,0.05,5,quantile,WNV cases
SnJ_S,2025-05-31,2025-09-30,0.1,7,quantile,WNV cases
SnJ_S,2025-05-31,2025-09-30,0.15,8,quantile,WNV cases
SnJ_S,2025-05-31,2025-09-30,0.2,9,quantile,WNV cases
SnJ_S,2025-05-31,2025-09-30,0.25,10,quantile,WNV cases
SnJ_S,2025-05-31,2025-09-30,0.3,11,quantile,WNV cases
SnJ_S,2025-05-31,2025-09-30,0.35,11,quantile,WNV cases
SnJ_S,2025-05-31,2025-09-30,0.4,12,quantile,WNV cases
SnJ_S,2025-05-31,2025-09-30,0.45,13,quantile,WNV cases
SnJ_S,2025-05-31,2025-09-30,0.5,14,quantile,WNV cases
SnJ_S,2025-05-31,2025-09-30,0.55,15,quantile,WNV cases
SnJ_S,2025-05-31,2025-09-30,0.6,16,quantile,WNV cases
SnJ_S,2025-05-31,2025-09-30,0.65,17,quantile,WNV cases
SnJ_S,2025-05-31,2025-09-30,0.7,18,quantile,WNV cases
SnJ_S,2025-05-31,2025-09-30,0.75,19,quantile,WNV cases
SnJ_S,2025-05-31,2025-09-30,0.8,21,quantile,WNV cases
SnJ_S,2025-05-31,2025-09-30,0.85,23,quantile,WNV cases
SnJ_S,2025-05-31,2025-09-30,0.9,25,quantile,WNV cases
SnJ_S,2025-05-31,2025-09-30,0.95,29,quantile,WNV cases
SnJ_S,2025-05-31,2025-09-30,0.99,37,quantile,WNV cases
SnJ_S,2025-05-31,2025-09-30,0,0.0005733319360524,cdf,No WNV activity
SnJ_S,2025-05-31,2025-10-31,0.01,0,quantile,WNV cases
SnJ_S,2025-05-31,2025-10-31,0.05,1,quantile,WNV cases
SnJ_S,2025-05-31,2025-10-31,0.1,1,quantile,WNV cases
SnJ_S,2025-05-31,2025-10-31,0.15,1,quantile,WNV cases
SnJ_S,2025-05-31,2025-10-31,0.2,2,quantile,WNV cases
SnJ_S,2025-05-31,2025-10-31,0.25,2,quantile,WNV cases
SnJ_S,2025-05-31,2025-10-31,0.3,2,quantile,WNV cases
SnJ_S,2025-05-31,2025-10-31,0.35,2,quantile,WNV cases
SnJ_S,2025-05-31,2025-10-31,0.4,3,quantile,WNV cases
SnJ_S,2025-05-31,2025-10-31,0.45,3,quantile,WNV cases
SnJ_S,2025-05-31,2025-10-31,0.5,3,quantile,WNV cases
SnJ_S,2025-05-31,2025-10-31,0.55,3,quantile,WNV cases
SnJ_S,2025-05-31,2025-10-31,0.6,3,quantile,WNV cases
SnJ_S,2025-05-31,2025-10-31,0.65,4,quantile,WNV cases
SnJ_S,2025-05-31,2025-10-31,0.7,4,quantile,WNV cases
SnJ_S,2025-05-31,2025-10-31,0.75,4,quantile,WNV cases
SnJ_S,2025-05-31,2025-10-31,0.8,5,quantile,WNV cases
SnJ_S,2025-05-31,2025-10-31,0.85,5,quantile,WNV cases
SnJ_S,2025-05-31,2025-10-31,0.9,6,quantile,WNV cases
SnJ_S,2025-05-31,2025-10-31,0.95,6,quantile,WNV cases
SnJ_S,2025-05-31,2025-10-31,0.99,8,quantile,WNV cases
SnJ_S,2025-05-31,2025-10-31,0,0.0414761456947005,cdf,No WNV activity
SnJ_S,2025-05-31,2025-11-30,0.01,0,quantile,WNV cases
SnJ_S,2025-05-31,2025-11-30,0.05,0,quantile,WNV cases
SnJ_S,2025-05-31,2025-11-30,0.1,0,quantile,WNV cases
SnJ_S,2025-05-31,2025-11-30,0.15,0,quantile,WNV cases
SnJ_S,2025-05-31,2025-11-30,0.2,0,quantile,WNV cases
SnJ_S,2025-05-31,2025-11-30,0.25,0,quantile,WNV cases
SnJ_S,2025-05-31,2025-11-30,0.3,0,quantile,WNV cases
SnJ_S,2025-05-31,2025-11-30,0.35,0,quantile,WNV cases
SnJ_S,2025-05-31,2025-11-30,0.4,0,quantile,WNV cases
SnJ_S,2025-05-31,2025-11-30,0.45,0,quantile,WNV cases
SnJ_S,2025-05-31,2025-11-30,0.5,0,quantile,WNV cases
SnJ_S,2025-05-31,2025-11-30,0.55,0,quantile,WNV cases
SnJ_S,2025-05-31,2025-11-30,0.6,0,quantile,WNV cases
SnJ_S,2025-05-31,2025-11-30,0.65,1,quantile,WNV cases
SnJ_S,2025-05-31,2025-11-30,0.7,1,quantile,WNV cases
SnJ_S,2025-05-31,2025-11-30,0.75,1,quantile,WNV cases
SnJ_S,2025-05-31,2025-11-30,0.8,1,quantile,WNV cases
SnJ_S,2025-05-31,2025-11-30,0.85,1,quantile,WNV cases
SnJ_S,2025-05-31,2025-11-30,0.9,1,quantile,WNV cases
SnJ_S,2025-05-31,2025-11-30,0.95,2,quantile,WNV cases
SnJ_S,2025-05-31,2025-11-30,0.99,3,quantile,WNV cases
SnJ_S,2025-05-31,2025-11-30,0,0.638267961000398,cdf,No WNV activity
SnJ_S,2025-05-31,2025-12-31,0.01,0,quantile,WNV cases
SnJ_S,2025-05-31,2025-12-31,0.05,0,quantile,WNV cases
SnJ_S,2025-05-31,2025-12-31,0.1,0,quantile,WNV cases
SnJ_S,2025-05-31,2025-12-31,0.15,0,quantile,WNV cases
SnJ_S,2025-05-31,2025-12-31,0.2,0,quantile,WNV cases
SnJ_S,2025-05-31,2025-12-31,0.25,0,quantile,WNV cases
SnJ_S,2025-05-31,2025-12-31,0.3,0,quantile,WNV cases
SnJ_S,2025-05-31,2025-12-31,0.35,0,quantile,WNV cases
SnJ_S,2025-05-31,2025-12-31,0.4,0,quantile,WNV cases
SnJ_S,2025-05-31,2025-12-31,0.45,0,quantile,WNV cases
SnJ_S,2025-05-31,2025-12-31,0.5,0,quantile,WNV cases
SnJ_S,2025-05-31,2025-12-31,0.55,0,quantile,WNV cases
SnJ_S,2025-05-31,2025-12-31,0.6,0,quantile,WNV cases
SnJ_S,2025-05-31,2025-12-31,0.65,0,quantile,WNV cases
SnJ_S,2025-05-31,2025-12-31,0.7,0,quantile,WNV cases
SnJ_S,2025-05-31,2025-12-31,0.75,0,quantile,WNV cases
SnJ_S,2025-05-31,2025-12-31,0.8,0,quantile,WNV cases
SnJ_S,2025-05-31,2025-12-31,0.85,0,quantile,WNV cases
SnJ_S,2025-05-31,2025-12-31,0.9,1,quantile,WNV cases
SnJ_S,2025-05-31,2025-12-31,0.95,1,quantile,WNV cases
SnJ_S,2025-05-31,2025-12-31,0.99,3,quantile,WNV cases
SnJ_S,2025-05-31,2025-12-31,0,0.898353851114182,cdf,No WNV activity
